{
    "Ar36": {
        "error": 0.0006110780792180511, 
        "filter_outliers_dict": {
            "filter_outliers": true, 
            "iterations": 2, 
            "std_devs": 2
        }, 
        "fit": "Parabolic", 
        "value": 0.07807646668129234
    }, 
    "Ar37": {
        "error": 0.011263261568676559, 
        "filter_outliers_dict": {
            "filter_outliers": true, 
            "iterations": 2, 
            "std_devs": 2
        }, 
        "fit": "linear", 
        "value": -0.1529995299654831
    }, 
    "Ar38": {
        "error": 0.01301755802980473, 
        "filter_outliers_dict": {
            "filter_outliers": true, 
            "iterations": 2, 
            "std_devs": 2
        }, 
        "fit": "linear", 
        "value": 0.050715829629544185
    }, 
    "Ar39": {
        "error": 0.023847111947289407, 
        "filter_outliers_dict": {
            "filter_outliers": true, 
            "iterations": 2, 
            "std_devs": 2
        }, 
        "fit": "Parabolic", 
        "value": 7.687530374145149
    }, 
    "Ar40": {
        "error": 0.026655865799361213, 
        "filter_outliers_dict": {
            "filter_outliers": true, 
            "iterations": 2, 
            "std_devs": 2
        }, 
        "fit": "Parabolic", 
        "value": 107.1154554653194
    }
}