{
    "Ar36": {
        "error": 0.0010942721440371996, 
        "filter_outliers_dict": {
            "filter_outliers": true, 
            "iterations": 2, 
            "std_devs": 2
        }, 
        "fit": "Parabolic", 
        "value": 0.2830650027754006
    }, 
    "Ar37": {
        "error": 0.011150271332582113, 
        "filter_outliers_dict": {
            "filter_outliers": true, 
            "iterations": 2, 
            "std_devs": 2
        }, 
        "fit": "linear", 
        "value": -0.19214908357101257
    }, 
    "Ar38": {
        "error": 0.012618889972699039, 
        "filter_outliers_dict": {
            "filter_outliers": true, 
            "iterations": 2, 
            "std_devs": 2
        }, 
        "fit": "linear", 
        "value": -0.03784131774230627
    }, 
    "Ar39": {
        "error": 0.023874133568967806, 
        "filter_outliers_dict": {
            "filter_outliers": true, 
            "iterations": 2, 
            "std_devs": 2
        }, 
        "fit": "Parabolic", 
        "value": 0.5387692122926246
    }, 
    "Ar40": {
        "error": 0.025354763563801026, 
        "filter_outliers_dict": {
            "filter_outliers": true, 
            "iterations": 2, 
            "std_devs": 2
        }, 
        "fit": "Parabolic", 
        "value": 86.71639734261748
    }
}