{
    "Ar36": {
        "error": 0.0008717382314875034, 
        "filter_outliers_dict": {
            "filter_outliers": true, 
            "iterations": 2, 
            "std_devs": 2
        }, 
        "fit": "Parabolic", 
        "value": 0.17884403034786223
    }, 
    "Ar37": {
        "error": 0.01053703133181686, 
        "filter_outliers_dict": {
            "filter_outliers": true, 
            "iterations": 2, 
            "std_devs": 2
        }, 
        "fit": "linear", 
        "value": -0.175325410029084
    }, 
    "Ar38": {
        "error": 0.011958671277095639, 
        "filter_outliers_dict": {
            "filter_outliers": true, 
            "iterations": 2, 
            "std_devs": 2
        }, 
        "fit": "linear", 
        "value": -0.03715598751034132
    }, 
    "Ar39": {
        "error": 0.023940987951999535, 
        "filter_outliers_dict": {
            "filter_outliers": true, 
            "iterations": 2, 
            "std_devs": 2
        }, 
        "fit": "Parabolic", 
        "value": 0.4536917984807831
    }, 
    "Ar40": {
        "error": 0.024163707117612242, 
        "filter_outliers_dict": {
            "filter_outliers": true, 
            "iterations": 2, 
            "std_devs": 2
        }, 
        "fit": "Parabolic", 
        "value": 55.55175850985704
    }
}