{
    "Ar36": {
        "error": 0.0004495958087757588, 
        "filter_outliers_dict": {
            "filter_outliers": true, 
            "iterations": 2, 
            "std_devs": 2
        }, 
        "fit": "Parabolic", 
        "value": 0.041318080586283445
    }, 
    "Ar37": {
        "error": 0.011148539096177927, 
        "filter_outliers_dict": {
            "filter_outliers": true, 
            "iterations": 2, 
            "std_devs": 2
        }, 
        "fit": "linear", 
        "value": -0.16432074954612427
    }, 
    "Ar38": {
        "error": 0.012509753953627625, 
        "filter_outliers_dict": {
            "filter_outliers": true, 
            "iterations": 2, 
            "std_devs": 2
        }, 
        "fit": "linear", 
        "value": 0.2239243546502444
    }, 
    "Ar39": {
        "error": 0.024965803683684895, 
        "filter_outliers_dict": {
            "filter_outliers": true, 
            "iterations": 2, 
            "std_devs": 2
        }, 
        "fit": "Parabolic", 
        "value": 17.030599132203843
    }, 
    "Ar40": {
        "error": 0.033420445530691484, 
        "filter_outliers_dict": {
            "filter_outliers": true, 
            "iterations": 2, 
            "std_devs": 2
        }, 
        "fit": "Parabolic", 
        "value": 299.75044650481914
    }
}