{
    "Ar36": {
        "error": 0.0018947959913978387, 
        "filter_outliers_dict": {
            "filter_outliers": true, 
            "iterations": 2, 
            "std_devs": 2
        }, 
        "fit": "Parabolic", 
        "value": 0.8474439476413396
    }, 
    "Ar37": {
        "error": 0.011029506597851652, 
        "filter_outliers_dict": {
            "filter_outliers": true, 
            "iterations": 2, 
            "std_devs": 2
        }, 
        "fit": "linear", 
        "value": 0.08216407444035974
    }, 
    "Ar38": {
        "error": 0.013704538962639824, 
        "filter_outliers_dict": {
            "filter_outliers": true, 
            "iterations": 2, 
            "std_devs": 2
        }, 
        "fit": "linear", 
        "value": 2.741687490711169
    }, 
    "Ar39": {
        "error": 0.03113206043433645, 
        "filter_outliers_dict": {
            "filter_outliers": true, 
            "iterations": 2, 
            "std_devs": 2
        }, 
        "fit": "Parabolic", 
        "value": 112.31899462950989
    }, 
    "Ar40": {
        "error": 0.07874201387762908, 
        "filter_outliers_dict": {
            "filter_outliers": true, 
            "iterations": 2, 
            "std_devs": 2
        }, 
        "fit": "Parabolic", 
        "value": 1440.6582308635964
    }
}