{
    "Ar36": {
        "error": 0.0013417458403615964, 
        "filter_outliers_dict": {
            "filter_outliers": true, 
            "iterations": 2, 
            "std_devs": 2
        }, 
        "fit": "Parabolic", 
        "value": 0.42287371434620624
    }, 
    "Ar37": {
        "error": 0.011172327654420068, 
        "filter_outliers_dict": {
            "filter_outliers": true, 
            "iterations": 2, 
            "std_devs": 2
        }, 
        "fit": "linear", 
        "value": -0.06004772147626499
    }, 
    "Ar38": {
        "error": 0.012494389480497465, 
        "filter_outliers_dict": {
            "filter_outliers": true, 
            "iterations": 2, 
            "std_devs": 2
        }, 
        "fit": "linear", 
        "value": 2.276618663209578
    }, 
    "Ar39": {
        "error": 0.028859274035980678, 
        "filter_outliers_dict": {
            "filter_outliers": true, 
            "iterations": 2, 
            "std_devs": 2
        }, 
        "fit": "Parabolic", 
        "value": 99.14503239506581
    }, 
    "Ar40": {
        "error": 0.06382580398347414, 
        "filter_outliers_dict": {
            "filter_outliers": true, 
            "iterations": 2, 
            "std_devs": 2
        }, 
        "fit": "Parabolic", 
        "value": 1179.0351505808892
    }
}